{
  "Total" : {
    "transaction" : "Total",
    "sampleCount" : 40,
    "errorCount" : 0,
    "errorPct" : 0.0,
    "meanResTime" : 1360.5000000000005,
    "medianResTime" : 1089.0,
    "minResTime" : 562.0,
    "maxResTime" : 2489.0,
    "pct1ResTime" : 2153.4,
    "pct2ResTime" : 2286.35,
    "pct3ResTime" : 2489.0,
    "throughput" : 5.434782608695652,
    "receivedKBytesPerSec" : 6026.576033882473,
    "sentKBytesPerSec" : 0.642195991847826
  },
  "HTTP Request" : {
    "transaction" : "HTTP Request",
    "sampleCount" : 40,
    "errorCount" : 0,
    "errorPct" : 0.0,
    "meanResTime" : 1360.5000000000005,
    "medianResTime" : 1089.0,
    "minResTime" : 562.0,
    "maxResTime" : 2489.0,
    "pct1ResTime" : 2153.4,
    "pct2ResTime" : 2286.35,
    "pct3ResTime" : 2489.0,
    "throughput" : 5.434782608695652,
    "receivedKBytesPerSec" : 6026.576033882473,
    "sentKBytesPerSec" : 0.642195991847826
  }
}